item_id,round,draft,kind,target,tracker_url,source_run,program_or_operator,torch_versions_reproduced,platforms,verification_text,contract_valid,duplicate_relation,root_cause_id,root_cause_label,layer,symptom,axis,oracle,attribution,status_bucket,status_findings_csv,status_date,status_evidence,fix_merged,new_since_snapshot
B1,1,0913/01,new issue,pytorch,https://github.com/pytorch/pytorch/issues/197084,TO_SUBMIT rows 24; `plan/reports_decomp/pinv_complex_grad/minimal_verified.py`（含 gradcheck），`plan/scripts/complex_grad_sweep.py` + `plan/results/complex_grad/COMPLEX_GRAD.md`（全部复数自动求导 OpInfo 算子的扫描：只有 pinv/pinverse/matrix_sqrth），`plan/scripts/diag_matrix_sqrth_grad.py`，`plan/scripts/diag_complex_linalg_grad.py`（16 个 linalg 函数 × 实/复 × 三路），`plan/results/decomp_newvar_grad/DECOMP_DIFF.md`（6.3 复数变体 grad 扫描的原始命中）,linalg.pinv / matrix_sqrth wrong complex gradient (root cause later traced to dispatch-mode conj handling),2.14.0+cpu; 2.15.0.dev20260911,"Windows, Linux",torch 2.14.0+cpu（Windows Py3.14 + Linux Py3.11）；nightly 2.15.0.dev20260911（Windows）/ dev20260912（Linux，`kaggle_out/pinvlinux.txt`：aot_eager 与 inductor 误差 1.4e-1，eager 5.8e-7）,"yes: aot_eager/inductor gradient differs from eager by 1.4e-1 (root cause RC01, not AOTAutograd)",same root cause as C32 (RC01): filed 09-15 attributed to AOTAutograd; C33 corrects the attribution to the dispatch-mode conj bug,RC01,complex conj view not materialised inside composite linalg kernels under any TorchDispatchMode (pinv/polar/matrix_sqrth/lstsq),AOT,S,P-dtype,GRAD,B,Pending,pending,2026-09-25,"no human response in snapshot; re-check: 0 human comment(s), labels ['triaged', 'module: complex', 'module: linear algebra', 'module: correctness (silent)', 'oncall: pt2', 'module: aotdispatch', 'module: pt2-dispatcher', 'bot-triaged', 'release triage'], human labels ['triaged (frgossen)']",no,
B2,1,0913/02,new issue,pytorch,https://github.com/pytorch/pytorch/issues/197085,TO_SUBMIT rows 14; `plan/reports_dynsem/random_module/minimal_verified.py`（下方脚本），`plan/scripts/diag_random_compile.py`（逐函数对照），`plan/kaggle_out/randomlinux.txt`（Linux 2.14 + nightly 输出），`plan/results/dynsem/DYNSEM.md`（6.6 扫描原始命中）,random.shuffle / sample return the same permutation on every call,2.14.0+cpu; 2.15.0.dev20260911,"Windows, Linux",torch 2.14.0+cpu（Windows 11 与 Linux/Kaggle）；nightly 2.15.0.dev20260911+cpu（Windows）/ dev20260912+cpu（Linux）。backend=eager 与 inductor 相同，dynamic=False,yes: eager and compiled differ on the same program and inputs (silent divergence),independent root cause (RC02; distinct fix PR from B17 although both are Dynamo random.* handling),RC02,Dynamo random.shuffle/sample replay the same permutation,Dy,S,Q-seq,VALUE,A,已修复,fixed,2026-09-25,"human-triaged by williamwen42, who also added `module: correctness (silent)`; fix PR #197768 open (“Fixes”) | re-check: PR #197768 open (Fixes); PR #198062 open (Fixes)","no (open fix PR #197768, #198062)",
B3,1,0913/03,new issue,pytorch,https://github.com/pytorch/pytorch/issues/197086,TO_SUBMIT rows 27; `plan/scripts/diag_jvp_ldexp_crash.py`（每例子进程运行，打印退出码），`plan/results/forward_ad/FORWARD_AD.md`（6.4d 全量：507 个支持前向 AD 的算子中只有 ldexp 让进程消失）,jvp over ldexp terminates the interpreter under aot_eager,2.14.0+cpu; 2.15.0.dev20260911,"Windows, Linux",torch 2.14.0+cpu（Windows 0xC0000005；Linux SIGSEGV exit -11）；nightly 2.15.0.dev20260911（Windows）/ dev20260912（Linux，`kaggle_out/jvplinux.txt`），同,yes: eager and compiled differ on the same program and inputs (process crash/hang under compile),independent root cause,RC04,AOTAutograd jvp over ldexp crashes the process,AOT,C,Q-context,CRASH,A,Pending,pending,2026-09-25,"no human response in snapshot; re-check: 0 human comment(s), labels ['module: crash', 'triaged', 'module: forward ad', 'oncall: pt2', 'module: aotdispatch', 'module: pt2-dispatcher', 'bot-triaged', 'release triage'], human labels ['triaged (frgossen)']",no,
B4,1,0913/04,new issue,pytorch,https://github.com/pytorch/pytorch/issues/197087,TO_SUBMIT rows 1; `plan/reports_metamorphic/argmin_pow_dynamic/`（`minimal_verified.py`、`DEDUP.md`），`plan/scripts/diag_argmin_dynamic.py`（打印生成的 C++ 出错行）,argmin/argmax under dynamic=True emit Python ** into C++,2.14.0+cpu,Windows,torch 2.14.0+cpu（git `08187d9e0fba026dc8217405802ab5381dc88d90`），Windows 11 / MSVC 19.44,yes: eager and compiled differ on the same program and inputs (compiled fails where eager works),independent root cause,RC05,Inductor CPP prints arg-reduction index with Python str() (** in C++),In,F,Q-context,TRACEERR,A,已确认,confirmed,2026-09-25,"chinmayirm located the cause (index expression printed with Python `str()`, `**` reaches the C++ kernel); no maintainer comment yet | re-check: 1 human comment(s), human labels [], assignees []",no,
B5,1,0913/05,new issue,pytorch,https://github.com/pytorch/pytorch/issues/197088,TO_SUBMIT rows 13; `plan/kaggle_out/gpuverify/tcc-gpuverify.log`（G1 / G1b），`plan/kaggle_out/gpucuda/plan/gpu_results_meta_cfg/METAMORPHIC.md`（配置差分原始命中），`plan/scripts/verify_candidates_cuda.py`,new_zeros(device=cpu) returns a CUDA tensor under cudagraphs,2.14.0+cu130; 2.10.0+cu128,"Linux, CUDA T4",torch 2.14.0+cu130（Kaggle，Tesla T4，Linux）；torch 2.10.0+cu128 同,"yes, but only with triton.cudagraphs on (mode='reduce-overhead')",independent root cause,RC06,cudagraphs path ignores device='cpu' of new_zeros,In,S,Q-context,META,A,已确认,confirmed,2026-09-25,"assigned to contributor oonyshch (“Taking a look”, 2026-09-17) | re-check: 1 human comment(s), human labels ['triaged (frgossen)'], assignees ['oonyshch']",no,
B6,1,0913/06,new issue,pytorch,https://github.com/pytorch/pytorch/issues/197089,TO_SUBMIT rows 5; `plan/reports_decomp/std_var_large_values/`（`minimal_verified.py`、`minimal_verified_tiny_grad.py`、`DEDUP.md`、`ISSUE_FINAL.md`），`plan/scripts/confirm_std_tiny_grad.py`、`verify_issue_claims.py`,std/var accumulate in float32: inf/NaN and zero gradient at extreme magnitudes,2.14.0+cpu,Windows (header names no platform; local run),torch 2.14.0+cpu（git `08187d9e0fba026dc8217405802ab5381dc88d90`）,"yes: eager CPU accumulates in double, Inductor in float32: inf/NaN and zero gradient at 1e30/1e-30 (not a tolerance-level difference)",independent root cause,RC07,Inductor CPU var/std accumulate in float32,In,S,P-edge,VALUE,A,Pending,pending,2026-09-25,"no human response in snapshot; re-check: 0 human comment(s), labels ['module: numerical-stability', 'module: cpu', 'triaged', 'module: NaNs and Infs', 'module: correctness (silent)', 'module: reductions', 'oncall: pt2', 'module: inductor', 'oncall: cpu inductor', 'bot-triaged', 'release triage'], human labels ['triaged (frgossen)']",no,
B7,1,0913/07,new issue,pytorch,https://github.com/pytorch/pytorch/issues/197090,TO_SUBMIT rows 28; `plan/scripts/diag_jvp_make_dual.py`（9 个算子 × 3 后端），`plan/scripts/diag_jvp_addr.py`，`plan/results/forward_ad/FORWARD_AD.md`（6.4d 全量）,jvp of quantile / addr: internal assertion on every backend,2.14.0+cpu; 2.15.0.dev20260911,"Windows, Linux",torch 2.14.0+cpu 与 nightly 2.15.0.dev20260911（Windows，**逐用例独立进程**：addr / quantile(任意 q) / nanquantile 三个后端全部断言，`scripts/diag_jvp_make_dual_isolated.py`）；Linux Py3.11（2.14.0 与 dev20260912，`kaggle_out/jvp2linux.txt`）相同。2026-09-15 复核发现同一进程内连续跑多个用例时后面的用例可能通过（状态残留），早先 Windows 矩阵里的 ok 即由此而来，已改正,yes: eager and compiled differ on the same program and inputs (compiled fails where eager works),independent root cause,RC08,Dynamo _make_dual internal assert (jvp of quantile/addr),Dy,F,Q-context,TRACEERR,A,Pending,pending,2026-09-25,"no human response in snapshot; re-check: 0 human comment(s), labels ['triaged', 'module: forward ad', 'oncall: pt2', 'module: functorch', 'dynamo-functorch', 'bot-triaged', 'release triage'], human labels []",no,
B8,1,0913/08,new issue,pytorch,https://github.com/pytorch/pytorch/issues/197091,TO_SUBMIT rows 18; `plan/scripts/diag_dtype_leads.py`（三路对照），`plan/tcc/dtype_matrix.py`（6.2 dtype 矩阵扫描，`results/dtypes_aot`、`kaggle_out/dtypesgpu`）,ldexp output dtype wrong in both directions,2.14.0+cpu; 2.14.0+cu130; 2.15.0.dev20260911,"Windows, Linux, CUDA T4","torch 2.14.0+cpu（Windows）；nightly 2.15.0.dev20260911（Windows）；2.14.0+cu130（Kaggle T4）与 Linux CPU（`kaggle_out/dtypesgpu/plan/gpu_dtypes_{cuda,cpu}/DTYPE_MATRIX.md`）",yes: eager and compiled differ on the same program and inputs (silent divergence),independent root cause,RC09,Inductor ldexp lowering dtype inference,In,S,P-dtype,DTYPE,A,已修复,fixed,2026-09-25,"fix PR #197162 open (“Fixes”), no maintainer comment yet | re-check: PR #197162 open (Fixes)",no (open fix PR #197162),
B9,1,0913/09,new issue,pytorch,https://github.com/pytorch/pytorch/issues/197092,TO_SUBMIT rows 25; `plan/scripts/diag_compiled_autograd_interpolate.py`，`plan/scripts/compiled_autograd_diff.py` + `plan/results/compiled_autograd/COMPILED_AUTOGRAD.md`（全部 float32 自动求导 OpInfo 算子的 compiled_autograd 差分：只有 interpolate/upsample 家族失败）,compiled autograd: interpolate backward hits an internal assertion,2.14.0+cpu; 2.15.0.dev20260911,"Windows, Linux",torch 2.14.0+cpu（Windows Py3.14 + Linux Py3.11）；nightly 2.15.0.dev20260911（Windows）/ dev20260912（Linux，`kaggle_out/calinux.txt`）,yes: eager and compiled differ on the same program and inputs (compiled fails where eager works),independent root cause,RC10,compiled autograd isIntList assert for interpolate backward,AOT,F,Q-context,TRACEERR,A,Pending,pending,2026-09-25,"no human response in snapshot; re-check: 0 human comment(s), labels ['triaged', 'module: interpolation', 'oncall: pt2', 'module: compiled autograd', 'bot-triaged', 'release triage'], human labels ['triaged (frgossen)']",no,
B10,1,0913/10,new issue,pytorch,https://github.com/pytorch/pytorch/issues/197093,TO_SUBMIT rows 16; `plan/scripts/diag_dynamic_fstring_namedtuple.py`，`plan/results/dynsem_dynamic/DYNSEM.md`（6.6 扫描 `item_and_python_math` / `exception_message_with_value` 命中）,f-string format spec on a symbolic size: internal Dynamo error,2.14.0+cpu; 2.15.0.dev20260911,"Windows, Linux",torch 2.14.0+cpu（Windows）；nightly 2.15.0.dev20260911（Windows）；Linux（`tcc-leadslinux`，见 `kaggle_out/leadslinux.txt`）,yes: eager and compiled differ on the same program and inputs (compiled fails where eager works),independent root cause,RC11,LazySymNodeFormatString format spec,Dy,F,Q-context,TRACEERR,A,已确认,confirmed,2026-09-25,"tsho reproduced it on 2.14.0 and a source build and located the cause (`LazySymNodeFormatString.__repr__`); waits for the `actionable` label before sending a PR | re-check: 2 human comment(s), human labels [], assignees []",no,
B11,1,0913/11,new issue,pytorch,https://github.com/pytorch/pytorch/issues/197094,TO_SUBMIT rows 23; `plan/scripts/diag_optim_complex_foreach.py`（8 个优化器 × complex64/float32 × 4 路对照），`plan/scripts/optimizer_step_diff.py` + `plan/results/optim/OPTIM.md`（6.4 全量差分）,compiled SGD.step with foreach=True and complex parameters: lowering assertion,2.14.0+cpu; 2.15.0.dev20260911,"Windows, Linux",torch 2.14.0+cpu（Windows + Linux）；nightly 2.15.0.dev20260911（Windows）/ dev20260912（Linux，`kaggle_out/leads2linux.txt`）,yes: eager and compiled differ on the same program and inputs (compiled fails where eager works),independent root cause,RC12,foreach SGD lowering on complex parameters,In,F,P-dtype,TRACEERR,A,已确认,confirmed,2026-09-25,"williamwen42 (MEMBER) triaged it, added `has workaround`, cc'd and assigned hameerabbasi | re-check: 1 human comment(s), human labels ['dynamo-triaged (williamwen42)'], assignees ['hameerabbasi']",no,
B12,1,0913/12,new issue,pytorch,https://github.com/pytorch/pytorch/issues/197095,TO_SUBMIT rows 3; `plan/reports_decomp/interpolate_zero_size/`（`minimal_verified.py`、`DEDUP.md`、`ISSUE_FINAL.md`），`plan/scripts/confirm_decomp_batch2.py`,interpolate on an empty spatial dim returns uninitialised data instead of raising,2.14.0+cpu,Windows (header names no platform; local run),torch 2.14.0+cpu（git `08187d9e0fba026dc8217405802ab5381dc88d90`）,yes: eager and compiled differ on the same program and inputs (silent divergence),independent root cause (RC13); maintainers later listed it as a member of umbrella #197554,RC13,interpolate decomposition reads out of bounds on zero-size dim,De,S,P-edge,EXC,A,已确认,confirmed,2026-09-25,"malfet (core maintainer): “eager raises correctly and the compiled path bypasses it”; made a member of his umbrella #197554 “[PT2] Validation lost”; yashb98 volunteered a fix | re-check: 2 human comment(s), human labels ['triaged (frgossen)'], assignees []",no,
B13,1,0913/13,new issue,pytorch,https://github.com/pytorch/pytorch/issues/197096,TO_SUBMIT rows 12; `plan/reports_aoti/lifted_constant_mutation/`（`minimal_verified.py`、`DEDUP.md`），`plan/scripts/diag_aoti_instance_norm2.py`,mutated captured tensor: export accepts and AOTInductor asserts,2.14.0+cpu,Windows (header names no platform; local run),torch 2.14.0+cpu（git `08187d9e0fba026dc8217405802ab5381dc88d90`）,expected-behavior: AOTI maintainer calls mutation of a lifted constant unsupported after functionalization (still open),independent root cause,RC14,export/AOTI mutated lifted constant (maintainers: expected),Ex,F,Q-artifact,TRACEERR,A,拒绝,rejected,2026-09-25,"yushangdi (AOTI maintainer): “kinda expected behavior” — mutation of lifted constants is unsupported after functionalization; still open | re-check: state open, 1 human comment(s)",no,
B14,1,0913/14,new issue,pytorch,https://github.com/pytorch/pytorch/issues/197097,TO_SUBMIT rows 4; `plan/reports_decomp/vector_norm_empty_batch/`（`minimal_verified.py`、`DEDUP.md`、`ISSUE_FINAL.md`），`plan/scripts/verify_issue_claims.py`,vector_norm(ord=inf) on an empty batch fails for negative dim,2.14.0+cpu,Windows (header names no platform; local run),torch 2.14.0+cpu（git `08187d9e0fba026dc8217405802ab5381dc88d90`）,yes: eager and compiled differ on the same program and inputs (compiled fails where eager works),independent root cause,RC15,_refs vector_norm empty-dim check ignores negative dim,De,F,P-edge,TRACEERR,A,已修复,fixed,2026-09-25,fix PR #197231 open (“Fixes”) | re-check: PR #197231 open (Fixes),no (open fix PR #197231),
B15,1,0913/15,new issue,pytorch,https://github.com/pytorch/pytorch/issues/197098,TO_SUBMIT rows 8; `plan/reports_decomp/bce_weight_dtype/`（`minimal_verified.py`、`DEDUP.md`），`plan/scripts/confirm_decomp_batch2.py`,binary_cross_entropy / huber_loss return float32 for half-precision inputs,2.14.0+cpu,Windows (header names no platform; local run),torch 2.14.0+cpu（git `08187d9e0fba026dc8217405802ab5381dc88d90`）,yes: eager and compiled differ on the same program and inputs (silent divergence),independent root cause,RC16,Inductor loss lowering dtype promotion (bce weight / huber),In,S,P-dtype,DTYPE,A,Pending,pending,2026-09-25,"no human response in snapshot; re-check: 0 human comment(s), labels ['oncall: pt2', 'oncall: cpu inductor', 'bot-triaged'], human labels []",no,
B16,1,0913/16,new issue,pytorch,https://github.com/pytorch/pytorch/issues/197099,TO_SUBMIT rows 7; `plan/reports_decomp/pdist_empty_backward_crash/`（`minimal_verified.py` 逐例子进程运行、`DEDUP.md`），`plan/scripts/find_crash_variant.py nn.functional.pdist --grad`,pdist backward on zero rows: integer division by zero kills the process,2.14.0+cpu,Windows,torch 2.14.0+cpu（git `08187d9e0fba026dc8217405802ab5381dc88d90`），Windows 11,"no: eager-side defect, eager and compiled both crash (attribution B); found by the harness, not an eager!=compiled divergence",independent root cause,RC17,eager pdist_backward integer division by zero (eager defect),Eg,C,P-edge,CRASH,B,已确认,fixed,2026-09-25,"CHANGED since 09-23: fix PR #197152 was closed unmerged on 2026-09-24 (no mergebot merge, issue still open); chinmayirm posted the root cause on 09-21 -> 已确认 | re-check: 1 human comment(s), PRs [(197152, 'closed', True)], human labels []",no,
B17,1,0913/17,new issue,pytorch,https://github.com/pytorch/pytorch/issues/197101,"TO_SUBMIT rows 15; `plan/reports_dynsem/random_module/minimal_verified.py`（`seed_fn`），`plan/scripts/diag_random_compile.py`（""seed inside"" 段），`plan/kaggle_out/randomlinux.txt`",random.seed inside the function is ignored on the first call,2.14.0+cpu; 2.15.0.dev20260911,"Windows, Linux",torch 2.14.0+cpu（Windows + Linux）；nightly 2.15.0.dev20260911 (Win) / dev20260912 (Linux)。backend=eager 与 inductor 相同,yes: eager and compiled differ on the same program and inputs (silent divergence),independent root cause (RC03; distinct fix PR from B2),RC03,Dynamo random.seed ignored on the compiling call,Dy,S,Q-seq,VALUE,A,已修复,fixed,2026-09-25,"PR #197221 “Fixes #197101” landed as c8e4ab54e0 (2026-09-17); human-triaged by williamwen42 (`triaged`, `dynamo-triaged`) | re-check: PR #197221 closed (Fixes)",yes: closed by commit c8e4ab54e0,
B18,1,0913/18,new issue,pytorch,https://github.com/pytorch/pytorch/issues/197102,TO_SUBMIT rows 17; `plan/scripts/diag_dynamic_fstring_namedtuple.py`，`plan/results/dynsem_dynamic/DYNSEM.md`（`dataclass_namedtuple` 命中）,namedtuple == with tensor fields overflows the stack (Python 3.14 + dynamic),2.14.0+cpu; 2.15.0.dev20260911,"Windows, Linux",torch 2.14.0+cpu 与 nightly 2.15.0.dev20260911 —— **Windows + Python 3.14**。Linux + Python 3.11（Kaggle，2.14.0 与 nightly dev20260912）**不复现**（与 eager 一致），见 `kaggle_out/leadslinux.txt` → 是 Python 3.14 专属（Dynamo 的 3.14 支持），提交时必须写明,yes: eager raises RuntimeError (or returns True); compiled raises RecursionError; Windows + Python 3.14 only,independent root cause,RC18,Dynamo namedtuple __eq__ recursion on symbolic shapes (Py3.14),Dy,F,Q-context,EXC,A,Pending,pending,2026-09-25,"no human response in snapshot; re-check: 0 human comment(s), labels ['module: crash', 'triaged', 'oncall: pt2', 'module: dynamic shapes', 'module: python version', 'bot-triaged', 'release triage'], human labels []",no,
B19,1,0913/19,new issue,pytorch,https://github.com/pytorch/pytorch/issues/197103,TO_SUBMIT rows 2; `plan/reports_metamorphic/bmm_autotune_windows_export/`，`plan/scripts/diag_autotune.py`、`diag_autotune_tb.py`、`diag_autotune2.py`,bmm under max_autotune: missing symbol export in a C++ template (Windows),2.14.0+cpu,Windows,torch 2.14.0+cpu（git `08187d9e0fba026dc8217405802ab5381dc88d90`），Windows 11 / MSVC 19.44,"yes: eager works, max_autotune on Windows fails for every bmm (missing dllexport in a C++ template)",independent root cause,RC19,cpp_bmm_template missing export declaration (Windows),In,F,Q-context,TRACEERR,A,Pending,pending,2026-09-25,"no human response in snapshot; re-check: 0 human comment(s), labels ['module: windows', 'module: cpu', 'triaged', 'oncall: pt2', 'module: inductor', 'bot-triaged', 'release triage'], human labels []",no,
B20,1,0913/20,new issue,pytorch,https://github.com/pytorch/pytorch/issues/197104,TO_SUBMIT rows 11; `plan/reports_aoti/return_types_packaging/`（`minimal_verified.py`、`DEDUP.md`），`plan/scripts/diag_aoti.py`,AOTInductor cannot package models returning torch.return_types.*,2.14.0+cpu,Windows (header names no platform; local run),torch 2.14.0+cpu（git `08187d9e0fba026dc8217405802ab5381dc88d90`）,"yes (artifact path): torch.compile/export work, aoti_compile_and_package fails",independent root cause,RC20,AOTI packaging has no serialization for torch.return_types,Ex,F,Q-artifact,TRACEERR,A,已修复,fixed,2026-09-25,PR #197128 by maintainer yushangdi landed as bc77d149b7 (2026-09-16); issue was assigned to yushangdi | re-check: PR #197128 closed (Fixes),yes: closed by commit bc77d149b7,
B21,1,0913/21,new issue,pytorch,https://github.com/pytorch/pytorch/issues/197105,TO_SUBMIT rows 20; `plan/scripts/diag_dtype_leads.py`,lerp of Boolean tensors with a 0-d weight fails to compile,2.14.0+cpu; 2.14.0+cu130; 2.15.0.dev20260911,"Windows, Linux, CUDA T4",torch 2.14.0+cpu（Windows）；nightly 2.15.0.dev20260911（Windows）；2.14.0+cu130（T4）与 Linux CPU（`kaggle_out/dtypesgpu`，`lerp_w` 行）,yes: eager and compiled differ on the same program and inputs (compiled fails where eager works),independent root cause,RC21,lerp lowering for bool tensors with 0-d weight,De,F,P-dtype,TRACEERR,A,已修复,fixed,2026-09-25,contributor N0AHZACH took it; fix PR #197193 open | re-check: PR #197193 open (Fixes),no (open fix PR #197193),
B22,1,0913/22,new issue,pytorch,https://github.com/pytorch/pytorch/issues/197106,TO_SUBMIT rows 21; `plan/scripts/diag_dtype_leads.py`，`plan/kaggle_out/dtypesgpu/plan/gpu_dtypes_cpu/DTYPE_MATRIX.md`（`sum_dtype` 行）,sum / prod with dtype=torch.bool: C++ error / assertion,2.14.0+cpu; 2.15.0.dev20260911,"Windows, Linux",torch 2.14.0+cpu（Windows/MSVC）；nightly 2.15.0.dev20260911（Windows）；Linux CPU 2.14.0 与 nightly dev20260912（g++，`kaggle_out/leadslinux.txt`）,yes: eager and compiled differ on the same program and inputs (compiled fails where eager works),independent root cause,RC22,sum/prod lowering with dtype=bool,In,F,P-dtype,TRACEERR,A,已确认,pending,2026-09-25,"CHANGED since 09-23: TANGBUDU (CONTRIBUTOR) reproduced on f28a8c4796 and described a lowering fix (09-22); no PR yet | re-check: 1 human comment(s), PRs [], human labels []",no,"human comment(s) present but no verdict in snapshot: TANGBUDU(CONTRIBUTOR,2026-09-22): ""I'd like to contribute a fix for this issue. The analysis below was prepared with Codex.\n\n> Reproduced on `f28a8c4796` w"""
B23,1,0913/23,new issue,pytorch,https://github.com/pytorch/pytorch/issues/197107,TO_SUBMIT rows 10; `plan/reports_metamorphic/addmm_scalar_bias_autotune/`（`minimal_verified.py`、`DEDUP.md`），`plan/scripts/diag_autotune_tb.py`,addmm with a 0-d bias under max_autotune: IndexError in lowering,2.14.0+cpu,Windows (header names no platform; local run),torch 2.14.0+cpu（git `08187d9e0fba026dc8217405802ab5381dc88d90`）,yes: eager and compiled differ on the same program and inputs (compiled fails where eager works),independent root cause,RC23,tuned_addmm indexes stride before rank check,In,F,Q-context,TRACEERR,A,已修复,fixed,2026-09-25,two volunteers; fix PR #197214 open | re-check: PR #197214 open (Fixes),no (open fix PR #197214),
B24,1,0913/24,new issue,pytorch,https://github.com/pytorch/pytorch/issues/197108,TO_SUBMIT rows 6; `plan/reports_opinfo_all/0211b330cc67/`（`ISSUE_FINAL.md`、`minimal_verified.py`），第 4 轮四个上下文 2/2、第 6 轮 5 个程序再次命中,var_mean / std_mean of an empty tensor: mean is 0 instead of NaN,2.14.0+cpu,Windows (header names no platform; local run),torch 2.14.0+cpu（git `08187d9e0fba026dc8217405802ab5381dc88d90`）,yes: eager and compiled differ on the same program and inputs (silent divergence),independent root cause,RC24,Welford lowering returns mean 0 for empty input,In,S,P-edge,VALUE,A,已修复,fixed,2026-09-25,contributor he-yufeng root-caused it to the Welford lowering path; fix PR #197165 open | re-check: PR #197165 open (Fixes),no (open fix PR #197165),
B25,1,0913/25,new issue,pytorch,https://github.com/pytorch/pytorch/issues/197109,TO_SUBMIT rows 9; `plan/reports_decomp/channel_shuffle_channels_last/`（`minimal_verified.py`、`DEDUP.md`），`plan/scripts/confirm_batch3.py`,channel_shuffle loses the channels_last layout,2.14.0+cpu,Windows (header names no platform; local run),torch 2.14.0+cpu（git `08187d9e0fba026dc8217405802ab5381dc88d90`）,yes (metadata): memory format of the output differs (channels_last lost),independent root cause,RC25,channel_shuffle decomposition drops channels_last,In,S,P-scs,LAYOUT,A,已确认,confirmed,2026-09-25,"eellison (maintainer) diagnosed it (“This is due to the decomp not preserving channels last”), retitled it “[Fake Tensor/Decomps] …” and added `module: fakeTensor`, `module: decompositions` | re-check: 1 human comment(s), human labels ['module: fakeTensor (eellison)', 'module: decompositions (eellison)'], assignees []",no,
B26,1,0913/26,new issue,pytorch,https://github.com/pytorch/pytorch/issues/197110,TO_SUBMIT rows 22; `plan/scripts/diag_keyerror_str.py`，`plan/results/dynsem2/DYNSEM.md`（`exception_after_graph_break` 命中——原程序里 graph break 之后的段落反而是对的，分歧出在被追踪的段落）,str(KeyError(k)) loses the quotes CPython adds,2.14.0+cpu; 2.15.0.dev20260911,"Windows, Linux",torch 2.14.0+cpu（Windows Py3.14 + Linux Py3.11）；nightly 2.15.0.dev20260911（Windows）/ dev20260912（Linux，`kaggle_out/leads2linux.txt`）。backend=eager，`fullgraph=True` 或任何没有 graph break 的追踪,yes: eager and compiled differ on the same program and inputs (silent divergence),independent root cause,RC26,Dynamo str(KeyError) omits CPython quotes,Dy,S,P-corpus,VALUE,A,已修复,fixed,2026-09-25,"human-triaged by williamwen42, who told a volunteer “feel free to open a PR”; fix PR #197443 open | re-check: PR #197443 closed (Fixes)",yes: closed by commit 887633d60b,
B27,1,0913/27,new issue,pytorch,https://github.com/pytorch/pytorch/issues/197112,TO_SUBMIT rows 30; `plan/scripts/diag_unary_out_complex.py`，`plan/results/unary_dtype/UNARY_DTYPE.md`（一元算子 × dtype × out= 扫描）,abs(complex out=float64) rejected by the meta kernel,2.14.0+cpu; 2.15.0.dev20260911,"Windows, Linux",torch 2.14.0+cpu（Windows Py3.14 + Linux Py3.11）；nightly 2.15.0.dev20260911（Windows）/ dev20260912（Linux，`kaggle_out/unarylinux.txt`）,yes: eager and compiled differ on the same program and inputs (compiled fails where eager works),independent root cause,RC27,abs ref exact_dtype=True rejects complex->real out,De,F,P-dtype,TRACEERR,A,已确认,confirmed,2026-09-25,"DannyChee1 reproduced it on nightly 2.15.0.dev20260915 and traced it to `exact_dtype=True` on the `abs` ref (#140288) | re-check: 1 human comment(s), human labels [], assignees []",no,
C1,2,0920/01,new issue,pytorch,https://github.com/pytorch/pytorch/issues/197887,TO_SUBMIT rows 31; `plan/reports_validation/saved_tensor_mutation.py`、`plan/reports_validation/saved_view_variants.py`（12 个变体 × 3 后端，逐用例独立进程）；发现来源 `plan/scripts/error_parity_batch2.py`（用例 `saved_input_modified_before_backward`）,autograd's in-place-modification check lost when a view of an input is saved for backward: silent wrong gradients,2.14.0+cpu; 2.14.0+cu130; 2.15.0.dev20260911; 2.15.0.dev20260919,"Windows, Linux, CUDA T4",torch 2.14.0+cpu 与 nightly 2.15.0.dev20260911+cpu（Windows，逐用例独立进程）；Linux CPU 2.14.0 与 nightly 2.15.0.dev20260919（`kaggle_out/savedviewlinux.log`）；Tesla T4 CUDA 2.14.0+cu130（`kaggle_out/savedviewgpu.log`）——12 个变体的表在四个环境里完全相同,yes: eager and compiled differ on the same program and inputs (silent divergence),independent root cause,RC28,AOTAutograd/Inductor saved-view version counter check lost,AOT,S,P-scs,GRAD,A,已修复,fixed,2026-09-25,fix PR #198035 “[aot_autograd] Restore version checks for saved input views” open (“Fixes”); chinmayirm confirmed the `_reinterpret_tensor` / version-counter analysis | re-check: PR #198035 open (Fixes),no (open fix PR #198035),
C2,2,0920/02,new issue,pytorch,https://github.com/pytorch/pytorch/issues/197888,TO_SUBMIT rows 44; `plan/reports_layout/pool_backward_noncontiguous_indices.py`（6 个池化反向内核 × 非连续 indices）、`compiled_pool_grad_channels_last.py`（5 个池化 × 连续/channels_last × 三后端）、`adaptive_max_pool3d_chlast_grad.py`；发现来源 `plan/scripts/layout_alias_sweep.py`（7.1，`nn.functional.adaptive_max_pool3d` 的 chlast 变体，梯度误差 2.98）,adaptive_max_pool3d backward wrong for channels_last_3d input (eager C++ kernel reads indices as contiguous),2.14.0+cpu; 2.14.0+cu130; 2.15.0.dev20260911; 2.15.0.dev20260920,"Windows, Linux, CUDA T4",torch 2.14.0+cpu 与 nightly 2.15.0.dev20260911+cpu（Windows，CPU）。内核级复现不需要 torch.compile；用户级复现需要 Inductor（`aot_eager` 正确）；Linux 复核（Kaggle `tcc-rewritelinux` / `tcc-rewritegpu`，`plan/kaggle_out/rewritelinux.log`、`rewritegpu.log`）：Linux CPU 2.14.0 与 nightly 2.15.0.dev20260920 两个代码块输出逐字相同（max diff 282；三个内核 False）；**CUDA（T4，2.14.0+cu130）上编译后的梯度正确** → 只影响 CPU 内核,"yes: aot_eager matches eager, Inductor gradient differs; root cause is an eager C++ kernel reading non-contiguous indices (attribution B)",independent root cause,RC29,eager pool backward kernels read indices as contiguous (eager defect),Eg,S,P-scs,GRAD,B,已确认,confirmed,2026-09-25,"eellison added `high priority` and the issue was assigned to mlazos within a day; a volunteer offered a fix | re-check: 1 human comment(s), human labels ['high priority (eellison)', 'triaged (frgossen)'], assignees ['mlazos']",no,
C3,2,0920/02b,new issue,pytorch,https://github.com/pytorch/pytorch/issues/197889,TO_SUBMIT rows 54; `plan/reports_scalar_seq/specialized_float_kwarg_census.py`（51 个带浮点参数的算子普查，nightly 上 18 个出错）、`norm_eps_stale_min.py`（最小复现 + 缓存 2×2 对照 + “结果对应哪个陈旧值”）、`layer_norm_eps_stale2.py`；发现来源 `plan/scripts/scalar_arg_sequence_diff.py`（10.9b：标量实参逐次变化 × 默认缓存，100 个程序；2.14.0 上 14/44 出错、nightly 上残留本条）,changing Python float argument baked into the cached graph,2.14.0+cpu; 2.14.0+cu130; 2.15.0.dev20260911; 2.15.0.dev20260921,"Windows, Linux, CUDA T4",torch 2.14.0+cpu 与 nightly 2.15.0.dev20260911+cpu（Windows）；Linux CPU 2.14.0 与 nightly 2.15.0.dev20260921、Tesla T4 CUDA（2.14.0+cu130 与 nightly 2.15.0.dev20260921+cu130）同样复现（Kaggle `tcc-staleepslinux` / `tcc-staleepsgpu`，`plan/kaggle_out/staleepslinux.log`、`staleepsgpu.log`）。`aot_eager` 正确；关掉 FX 图缓存或 AOTAutograd 缓存任意一个也正确,yes: third call with a changed float argument returns the value for the stale argument,independent root cause,RC30,cached graph keeps a stale specialised Python scalar (float or float-derived int),Dy,S,Q-seq,VALUE,A,Pending,pending,2026-09-25,"no human response in snapshot; re-check: 0 human comment(s), labels ['triaged', 'module: correctness (silent)', 'oncall: pt2', 'module: dynamic shapes', 'module: aotdispatch', 'module: pt2-dispatcher', 'bot-triaged', 'release triage'], human labels ['triaged (frgossen)']",no,
C4,2,0920/03,comment,pytorch,https://github.com/pytorch/pytorch/issues/143649#issuecomment-5761796627,TO_SUBMIT rows 49; `plan/reports_surgery/int_div_zero_crash.py`（14 种 算子×dtype × 长度 40/5 × 三个后端，逐用例独立进程）；发现来源 `plan/scripts/model_surgery_diff.py`（10.4 保护机制，用例 `int_div_trunc_by_zero`，隔离运行时子进程崩溃被记为 CRASH）,integer trunc division by zero kills the process (eager kernel),2.14.0+cpu; 2.15.0.dev20260911; 2.15.0.dev20260921,"Windows, Linux",torch 2.14.0+cpu 与 nightly 2.15.0.dev20260911+cpu（Windows，进程退出码 `0xC0000094` = STATUS_INTEGER_DIVIDE_BY_ZERO）；`aot_eager` 与 eager 一样抛 `RuntimeError: ZeroDivisionError`。Linux 复核（Kaggle `tcc-safetylinux`，`plan/kaggle_out/safetylinux.log`）：Linux CPU 2.14.0 与 nightly 2.15.0.dev20260921 上 `trunc` 一行同样是进程死亡（返回码 -8 = SIGFPE），另两行正常抛错,"yes: eager/aot_eager raise ZeroDivisionError, Inductor CPU trunc division kills the process",comment adding members (trunc division still crashes on 2.14/nightly) to existing #143649 (others' report),RC31,Inductor CPU integer trunc division by zero kills the process,Eg,C,P-edge,CRASH,B,Pending,pending,2026-09-25,host issue #143649 open; comment under others' issue; human comments on host since 2026-09-21: 0,n/a (comment),
C5,2,0920/04,comment,pytorch,https://github.com/pytorch/pytorch/issues/197554#issuecomment-5761854781,TO_SUBMIT rows 34; `plan/scripts/error_parity_sweep.py`（252 个算子、787 例，22 分钟）、`plan/scripts/error_parity_batch2.py`（129 个程序）、`plan/results/error_parity/*.jsonl`,ten new members for the maintainers' 'validation lost' umbrella (OpInfo error inputs through the compiled path),2.14.0+cpu,Windows (header names no platform; local run),torch 2.14.0+cpu；逐条独立进程复核 `plan/scripts/diag_error_parity_leads.py`、`plan/reports_validation/validation_lost_members.py`（下方输出即该脚本原样输出）,yes (exception parity): OpInfo error_inputs raise in eager and pass through the compiled path,comment adding 10 members to maintainers' umbrella #197554 (bundle of several missing checks),RC32,"validation lost: OpInfo error_inputs pass through the compiled path (bundle of missing checks, 10 members)",De,S,P-edge,EXC,A,Pending,pending,2026-09-25,host issue #197554 open; comment under others' issue; human comments on host since 2026-09-21: 2 -> eellison(2026-09-22); drisspg(2026-09-23),n/a (comment),
C6,2,0920/05,vendor report,msvc,https://developercommunity.visualstudio.com/t/MSVC-x64-optimizer-folds-two-consecutive/11155532,TO_SUBMIT rows 46; `plan/reports_rewrites/msvc_abs/abs_abs.cpp`（独立 C++ 复现）、`build_and_run.py`（四档优化级别编译并运行）、`asm.py`（打印三个函数的汇编）；PyTorch 侧表现 `plan/reports_rewrites/abs_abs_int.py`；发现来源 `plan/scripts/rewrite_precondition_diff.py`（用例 `abs_abs`，int8）,MSVC folds two consecutive _mm_abs_epi* into nothing,MSVC 19.44.35228,Windows (header names no platform; local run),"MSVC 19.44.35228 x64（VS 2022 17.14）；`/Od` 正确，`/O1`、`/O2`、`/O2 /arch:AVX2`、`/O2 /arch:AVX512` 都错。本机没有更新的 MSVC，提交前如能在 VS 2026 / 最新 17.14.x 上再试一次更好（网页版 Compiler Explorer 选 ""x64 msvc v19.latest"" 即可，把下面的程序贴进去加 `/O2`）","n/a (other target): MSVC /Od vs /O1,/O2 disagree on abs(abs(x)) intrinsics; genuine miscompile, surfaced through Inductor CPU on Windows",independent root cause,RC33,MSVC folds two consecutive abs intrinsics,Ext,S,X-cross,VALUE,C,Pending,pending,2026-09-25,"Developer Community: status 'new', no vendor response recorded (site has no read API; not re-checked)",no,
C7,2,0920/06,new issue,numba,https://github.com/numba/numba/issues/10845,TO_SUBMIT rows 36; `plan/reports_xtarget/numba_intmin_remainder_crash.py`；发现来源 `plan/scripts/xtarget_numpy_diff.py --target numba`（`ii_remainder`、`ii_mod`、`ii_divmod0`、`ii_remainder_zero` 四项子进程退出码 0xC0000095）,np.remainder / divmod on MIN_INT % -1 kill the process,numba 0.67.0,"Windows, Linux","numba 0.67.0 / llvmlite 0.49.0 / numpy 2.5.3，Python 3.14.7，Windows 11 x64；每个 (表达式, dtype, 模式) 一个独立进程（`plan/reports_xtarget/numba_intmin_remainder_crash.py`）。**Linux 已复核**（Kaggle，Linux x86-64，numba 0.67.0，Python 3.12：同一张表，崩溃处子进程退出码 -8 = SIGFPE，`plan/kaggle_out/xtargetlinux.log`）",n/a (other target): Numba nopython vs NumPy; process killed on MIN_INT % -1,independent root cause,RC34,Numba np_int_srem_impl lacks MIN_INT % -1 guard,Ext,C,X-cross,CRASH,C,Pending,pending,2026-09-25,"no human response in snapshot; re-check: 0 human comment(s), labels ['bug - segfault'], human labels ['bug - segfault (DrTodd13)']",no,
C8,2,0920/07,new issue,pytorch,https://github.com/pytorch/pytorch/issues/197893,"TO_SUBMIT rows 45; `plan/reports_rewrites/noop_returns_input_alias.py`（16 种写法对照）、`noop_alias_realistic.py`（默认超参数触发 + requires_grad + 下游影响）、`output_alias_census.py`（46 个""数学上恒等""的程序普查：只有 ±0 / ×1 / ÷1 这一族（含图内常量张量形式）返回输入本身，cat/stack/repeat/roll/where/pow/索引/位运算等 36 种都是新张量）；发现来源 `plan/scripts/rewrite_precondition_diff.py`（10.1 改写前提差分，用例 `add_zero_is_copy` / `mul_one_is_copy`）",x*1 / x+0 / x/1.0 as a graph output return the input tensor itself,2.14.0+cpu; 2.14.0+cu130; 2.15.0.dev20260911; 2.15.0.dev20260920,"Windows, Linux, CUDA T4",torch 2.14.0+cpu 与 nightly 2.15.0.dev20260911+cpu（Windows，CPU Inductor）；`aot_eager` 与 eager 一致 → Inductor。Linux 复核（Kaggle `tcc-rewritelinux` / `tcc-rewritegpu`，`plan/kaggle_out/rewritelinux.log`、`rewritegpu.log`）：Linux CPU 2.14.0 与 nightly 2.15.0.dev20260920 输出逐字相同；**CUDA（T4，2.14.0+cu130）同样 `out is x: True`、输入被改成 6.0** → 与设备无关,yes (alias): compiled output is the input object itself; in-place update of the result corrupts the input,independent root cause,RC35,joint_graph.remove_no_ops returns the input tensor as output,In,S,P-edge,ALIAS,A,已修复,confirmed,2026-09-25,"CHANGED since 09-23: fix PR #198446 'Preserve user-visible output aliasing' (Fixes) opened; chinmayirm root cause 09-21; wwoosshh reproduced a scatter variant 09-22 | re-check: 2 human comment(s), PRs [(198096, 'open', False), (198446, 'open', True)], human labels ['triaged (frgossen)']",no (open fix PR #198446),
C9,2,0920/08,new issue,pytorch,https://github.com/pytorch/pytorch/issues/197894,TO_SUBMIT rows 51; `plan/reports_symint/fx_codegen_negative_pow.py`（纯 FX 最小复现）、`negative_base_pow.py`（Dynamo 下 7 种写法 × eager/inductor 后端）、`scalar_semantics_leads.py`；发现来源 `plan/scripts/symint_arith_diff.py`（10.5 SymInt/SymFloat 标量算术差分，用例 `i:pow_sym_neg_base`）,torch.fx codegen precedence: operator.pow(-2 x) emitted as -2**x,2.14.0+cpu; 2.15.0.dev20260911; 2.15.0.dev20260921,"Windows, Linux",torch 2.14.0+cpu 与 nightly 2.15.0.dev20260911+cpu（Windows，Python 3.14）；纯 `torch.fx` 即可复现，不需要 C++ 编译器；Linux 复核（Kaggle `tcc-symintlinux`，`plan/kaggle_out/symintlinux.log`）：Linux CPU 2.14.0 与 nightly 2.15.0.dev20260921（Python 3.12）输出逐字相同,yes (torch.fx contract): GraphModule.forward code disagrees with Interpreter and eager; also under torch.compile(dynamic=True),independent root cause,RC36,FX codegen precedence for negative pow base,Fx,S,P-corpus,VALUE,B,已修复,fixed,2026-09-25,"fix PR #198053 “Fix FX codegen precedence for negative pow bases” open (“Fixes”, by buyan-kh); a second volunteer asked to be assigned | re-check: PR #198053 open (Fixes)",no (open fix PR #198053),
C10,2,0920/09,new issue,pytorch,https://github.com/pytorch/pytorch/issues/197895,TO_SUBMIT rows 38; `plan/reports_intub/floor_divide_python_example.py`；发现来源 `plan/scripts/int_ub_sweep.py`（`float_binary:floor_divide`、`float_binary:div_floor`，1600 对边界值里 40 对不同）,floating-point floor division off by one under compile,2.14.0+cpu; 2.14.0+cu130; 2.15.0.dev20260911; 2.15.0.dev20260920,"Windows, Linux, CUDA T4",torch 2.14.0+cpu 与 nightly 2.15.0.dev20260911+cpu（Windows，CPU）；Linux 复核（Kaggle，`plan/kaggle_out/intublinux.log`、`intubgpu.log`）：Linux CPU 2.14.0 与 nightly 2.15.0.dev20260920、**Tesla T4 CUDA 2.14.0+cu130 输出逐字相同**；float32 与 float64 都复现；`aot_eager` 与 eager 一致 → Inductor lowering,yes: eager and compiled differ on the same program and inputs (silent divergence),independent root cause,RC37,"Inductor float floor division floor(div_rn(a,b))",In,S,P-edge,VALUE,A,已确认,confirmed,2026-09-25,"chinmayirm confirmed the `floor(div_rn(a, b))` analysis and volunteered | re-check: 1 human comment(s), human labels ['triaged (frgossen)'], assignees []",no,
C11,2,0920/10,new issue,pytorch,https://github.com/pytorch/pytorch/issues/197896,"TO_SUBMIT rows 42; `plan/reports_sideeffects/closure_mutation_min2.py`（最小复现）、`closure_mutation_minimal.py`（4 种调用形式对照）、`nested_ctx_manager.py`（最初是在""函数内定义的上下文管理器""上发现的）；发现来源 `plan/scripts/side_effect_diff.py`（75 个副作用/状态小程序，用例 `context_manager_exit_runs`）",Dynamo silently drops closure mutations made in methods of locally defined classes,2.14.0+cpu; 2.15.0.dev20260911; 2.15.0.dev20260920,"Windows, Linux","torch 2.14.0+cpu 与 nightly 2.15.0.dev20260911+cpu（Windows，Python 3.14）；`backend=""eager""` 即可复现 → Dynamo 层，与 AOTAutograd / Inductor 无关；Linux 复核（Kaggle `tcc-sidelinux` / `tcc-sidegpu`，`plan/kaggle_out/sidelinux.log`、`sidegpu.log`）：Linux 上 2.14.0 与 nightly 2.15.0.dev20260920（Python 3.12）输出逐字相同",yes (state): closure mutations dropped,independent root cause,RC38,Dynamo drops closure mutations made in methods of locally defined classes,Dy,S,P-corpus,STATE,A,已修复,fixed,2026-09-25,"ezyang (core maintainer) added `actionable`; syerva-g posted a root-cause analysis and opened fix PR #198055 (“Fixes”; closed and reopened, open as of 2026-09-23) | re-check: PR #198055 open (Fixes)",no (open fix PR #198055),
C12,2,0920/11,new issue,jax,https://github.com/jax-ml/jax/issues/40840,TO_SUBMIT rows 35; `plan/reports_xtarget/jax_gcd_intmin_hang.py`；发现来源 `plan/scripts/xtarget_numpy_diff.py --target jax`（扫描在 `ii_gcd`、`ii_lcm` 两项上 1200 秒超时，其余 266 项 jit 与非 jit 一致）,jnp.gcd / lcm hang on the integer minimum,jax 0.11.2,"Windows, Linux",jax 0.11.2 / jaxlib 0.11.2，CPU，Windows 11，Python 3.14.7，numpy 2.5.3（`jax_enable_x64=True`）；每个输入一个独立进程、60 秒超时（`plan/reports_xtarget/jax_gcd_intmin_hang.py`）。**Linux 已复核**（Kaggle，Linux x86-64，jax 0.11.2，Python 3.12：同一张表，逐行相同，`plan/kaggle_out/xtargetlinux.log`）,"no: JAX eager and jit both never terminate (library defect, attribution C), not an eager!=jit divergence",independent root cause,RC39,jnp.gcd/lcm loop never terminates on INT_MIN,Ext,C,X-cross,CRASH,C,已修复,fixed,2026-09-25,"JAX maintainer jakevdp self-assigned, thanked for the report and noted the same bug in NumPy (< 2.4.0 for gcd, still present for lcm in 2.5.3); fix PR #40842 open with a regression test | re-check: PR #40842 open (Fixes)",no (open fix PR #40842),
C13,2,0920/12,new issue,pytorch,https://github.com/pytorch/pytorch/issues/198052,TO_SUBMIT rows 32; `plan/reports_xtarget/dynamo_numpy_semantics.py`（独立脚本，21 个用例）；发现来源 `plan/scripts/xtarget_numpy_diff.py --target dynamo`（268 个 NumPy 风格程序，参照 = 真 NumPy）,compiled NumPy code returns wrong values (np.fix / cbrt / clip / sign),2.14.0+cpu; 2.15.0.dev20260911,Windows,"torch 2.14.0+cpu（numpy 2.5.2）与 nightly 2.15.0.dev20260911+cpu（numpy 2.5.3），Windows；`backend=""eager""` 即可复现（问题在 Dynamo 把 numpy 调用翻译成 `torch._numpy` 这一层，与 Inductor 无关）",yes: eager and compiled differ on the same program and inputs (silent divergence),independent root cause,RC40,torch._numpy value semantics (fix/cbrt/clip/sign),Dy,S,P-edge,VALUE,A,Pending,pending,2026-09-25,"no human response in snapshot; re-check: 0 human comment(s), labels ['triaged', 'module: numpy', 'oncall: pt2', 'bot-triaged', 'release triage'], human labels ['triaged (frgossen)']",no,
C14,2,0920/13,new issue,pytorch,https://github.com/pytorch/pytorch/issues/198057,"TO_SUBMIT rows 39,43; `plan/reports_intub/remainder_vector_vs_tail.py`；发现来源 `plan/scripts/int_ub_sweep.py`（`float_binary:remainder`：1600 对里 NaN 模式 125 处不同）",vectorized remainder: NaN for infinite divisor and 0 for large quotients; result depends on tensor length,2.14.0+cpu; 2.15.0.dev20260911; 2.15.0.dev20260920,"Windows, Linux, CUDA T4",torch 2.14.0+cpu 与 nightly 2.15.0.dev20260911+cpu（Windows，AVX2）；Linux 复核（Kaggle，`plan/kaggle_out/intublinux.log`、`intubgpu.log`）：Linux CPU 2.14.0 与 nightly 2.15.0.dev20260920 同样出错，且其中一台机器上**连 3 个元素的张量也得 nan**（尾部也走带掩码的向量路径），另一台与 Windows 一样是长度 3 正确、长度 8 错；CUDA（Triton）正确；`aot_eager` 与 eager 一致；`torch.fmod` 正常,yes: eager and compiled differ on the same program and inputs (silent divergence),independent root cause,RC41,CppVecOverrides.remainder,In,S,P-edge,VALUE,A,Pending,pending,2026-09-25,"no human response in snapshot; re-check: 0 human comment(s), labels ['module: cpu', 'triaged', 'module: vectorization', 'module: correctness (silent)', 'oncall: pt2', 'module: inductor', 'bot-triaged', 'release triage'], human labels ['triaged (frgossen)']",no,
C15,2,0920/14,comment,pytorch,https://github.com/pytorch/pytorch/issues/191499#issuecomment-5769459765,TO_SUBMIT rows 37; evidence field missing in draft header,int8/uint8 min/max/argmin/argmax wrong for >=16 elements on x86,2.14.0+cpu; 2.15.0.dev20260911; 2.15.0.dev20260920,"Windows, Linux, CUDA T4",torch 2.14.0+cpu 与 nightly 2.15.0.dev20260911+cpu，Windows 11 x64（AVX2，MSVC）；Linux 复核（Kaggle，`plan/kaggle_out/intublinux.log`、`intubgpu.log`）：两台 Linux x86-64 机器（GCC）上同样出错但**错法不同**——一台 `argmin`=0、全负 int8 的 `max`=1；另一台 `min`=0、`argmin`=**-8473051087277178060（未初始化的下标）**；nightly 2.15.0.dev20260920 同样；CUDA（Triton）正确；`plan/reports_intub/int8_minmax_vector_padding.py`、`argmin_uint8_vectorized.py`,yes: eager and compiled differ on the same program and inputs (silent divergence),"comment adding members (x86, argmin/argmax) to existing #191499 (others' report; fix PR #191543 covers amin/amax)",RC42,int8/uint8 vectorized min/max reductions polluted by inactive lanes,In,S,P-edge,VALUE,A,Pending,pending,2026-09-25,host issue #191499 open; comment under others' issue; human comments on host since 2026-09-21: 0,n/a (comment),
C16,2,0920/15,new issue,pytorch,https://github.com/pytorch/pytorch/issues/198064,"TO_SUBMIT rows 52; `plan/reports_symint/scalar_semantics_leads.py`（`round(n * 5, -1)` 一行）；发现来源 `plan/scripts/symint_arith_diff.py`（用例 `i:round_int_neg_digits`）",round(SymInt -1) is the identity; round disappears from the graph,2.14.0+cpu; 2.15.0.dev20260911; 2.15.0.dev20260921,"Windows, Linux","torch 2.14.0+cpu 与 nightly 2.15.0.dev20260911+cpu（Windows，Python 3.14）；`backend=""eager""` 即可复现 → Dynamo / SymInt 层；三个后端结果相同；Linux 复核（Kaggle `tcc-symintlinux`，`plan/kaggle_out/symintlinux.log`）：Linux CPU 2.14.0 与 nightly 2.15.0.dev20260921（Python 3.12）输出逐字相同",yes: eager and compiled differ on the same program and inputs (silent divergence),independent root cause,RC43,SymInt.__round__ ignores negative ndigits,Dy,S,P-scs,VALUE,A,Pending,pending,2026-09-25,"no human response in snapshot; re-check: 0 human comment(s), labels ['triaged', 'module: correctness (silent)', 'oncall: pt2', 'module: dynamic shapes', 'bot-triaged'], human labels ['triaged (frgossen)']",no,
C17,2,0920/16,new issue,pytorch,https://github.com/pytorch/pytorch/issues/198070,"TO_SUBMIT rows 53; `plan/reports_symint/nan_self_compare.py`（11 种写法 × 3 后端 × {1.0, nan, inf}）；发现来源 `plan/scripts/symint_arith_diff.py`（用例 `f:self_eq`）",NaN self-comparison of an .item() value folded to a constant under capture_scalar_outputs,2.14.0+cpu; 2.15.0.dev20260911; 2.15.0.dev20260921,"Windows, Linux",torch 2.14.0+cpu 与 nightly 2.15.0.dev20260911+cpu（Windows）；需要 `torch._dynamo.config.capture_scalar_outputs = True`（非默认；#157499 正在尝试把它改成默认，所以这条会变得更重要）；Linux 复核（Kaggle `tcc-symintlinux`，`plan/kaggle_out/symintlinux.log`）：Linux CPU 2.14.0 与 nightly 2.15.0.dev20260921（Python 3.12）输出逐字相同,"yes, but only with the non-default torch._dynamo.config.capture_scalar_outputs=True",independent root cause,RC44,SymPy folds NaN self-comparison of an unbacked SymFloat,Dy,S,P-scs,VALUE,A,Pending,pending,2026-09-25,"no human response in snapshot; re-check: 0 human comment(s), labels ['triaged', 'module: NaNs and Infs', 'module: correctness (silent)', 'oncall: pt2', 'module: dynamic shapes', 'bot-triaged', 'release triage'], human labels ['triaged (frgossen)']",no,
C18,2,0920/17,vendor report,msvc,https://developercommunity.visualstudio.com/t/MSVC-x64-optimizer-removes-_mm_add_psx/11155535,"TO_SUBMIT rows 47; `plan/reports_rewrites/msvc_addzero/add_zero.cpp`、`build_and_run.py`（四档选项 + 汇编）；发现来源 `plan/scripts/cxx_intrinsic_algebra_diff.py`（10.13 C++ 工具链层差分：42,030 个内建函数组合，`/Od` 对 `/O1`/`/O2`；MSVC 只有两族差异——05 号的 abs(abs) 10 个、本条 30 个）",MSVC removes _mm_add_ps(x 0.0): -0.0 + 0.0 gives -0.0,MSVC 19.44.35228,Windows (header names no platform; local run),MSVC 19.44.35228 x64（VS 2022 17.14）；`/Od` 正确；`/O1`、`/O2`、`/O2 /arch:AVX2`、`/O2 /arch:AVX512`、**`/O2 /fp:strict`** 都错。标量 `x + 0.0f` 在同样选项下是对的（保留了 `addss`）,"n/a (other target): MSVC folds vector add of +0.0, -0.0+0.0 stays -0.0 even under /fp:strict",independent root cause,RC45,MSVC folds vector add of +0.0,Ext,S,X-cross,VALUE,C,Pending,pending,2026-09-25,"Developer Community: status 'new', no vendor response recorded (site has no read API; not re-checked)",no,
C19,2,0920/18,vendor report,msvc,https://developercommunity.visualstudio.com/t/MSVC-x64-optimizer-folds-compare-and-ble/11155537,"TO_SUBMIT rows 48; `plan/reports_rewrites/msvc_blend/blend.cpp`、`build_and_run.py`（7 档选项 + 汇编）；发现来源 `plan/scripts/cxx_intrinsic_algebra_diff.py`（词表 v2：109,754 个组合；MSVC 共三族差异：05 号 abs(abs) 10 个、17 号 add-zero 30 个、本条约 2,500 个——全部含 `blendv_p{s,d}` / `mask_blend_p{s,d}` + 带等号的谓词 `LE_OS` / `GE_OS` / `NLE_US`；词表 v3 共 124,334 个组合，FMA 族与 AVX-512 整数掩码算子无差异）；分族脚本 `scripts/cxx_algebra_families.py`",MSVC folds compare-and-blend with LE/GE predicates,MSVC 19.44.35228,Windows (header names no platform; local run),MSVC 19.44.35228 x64（VS 2022 17.14）。`/Od` 正确；`/O2`（SSE 编码）下 `LE`/`GE` 正确、**`NLE_US` 已经错**；**`/O1 /arch:AVX2`、`/O2 /arch:AVX2`、`/O2 /arch:AVX2 /fp:strict`、`/O2 /arch:AVX512` 错**；256 位版本只要开优化就错（本来就是 VEX 编码）,n/a (other target): MSVC folds compare-and-blend with LE/GE predicates into max/min; wrong operand on signed-zero ties,independent root cause,RC46,MSVC folds compare-and-blend with LE/GE predicates into max/min,Ext,S,X-cross,VALUE,C,Pending,pending,2026-09-25,"Developer Community: status 'new', no vendor response recorded (site has no read API; not re-checked)",no,
C20,2,0920/19,new issue,pytorch,https://github.com/pytorch/pytorch/issues/198056,TO_SUBMIT rows 33; `plan/reports_xtarget/dynamo_numpy_semantics.py`；`plan/results/xtarget/dynamo.jsonl`,compiled NumPy code: different dtype / shape rules (cumsum int8 overflow square->float64 median shape),2.14.0+cpu; 2.15.0.dev20260911,Windows,"torch 2.14.0+cpu（numpy 2.5.2）与 nightly 2.15.0.dev20260911+cpu（numpy 2.5.3），Windows，`backend=""eager""`",yes: eager and compiled differ on the same program and inputs (silent divergence),independent root cause,RC47,"torch._numpy dtype/shape rules (cumsum int8, square, median, any)",Dy,S,P-dtype,DTYPE,A,Pending,pending,2026-09-25,"no human response in snapshot; re-check: 0 human comment(s), labels ['triaged', 'module: numpy', 'module: type promotion', 'oncall: pt2', 'module: unsigned int', 'bot-triaged', 'release triage'], human labels ['triaged (frgossen)']",no,
C21,2,0920/20,comment,pytorch,https://github.com/pytorch/pytorch/issues/185337#issuecomment-5769623200,TO_SUBMIT rows 40; `plan/reports_intub/inductor_value_leads.py`（`x.half().float()`、`x.bfloat16().float()` 两项）；发现来源 `plan/scripts/int_ub_sweep.py`（`float_unary:cast_half_back`：120 个边界值里 54 个不同）,explicit half().float() round trip removed by Inductor (still reproduces on 2.14 and nightly),2.14.0+cpu; 2.14.0+cu130; 2.15.0.dev20260911; 2.15.0.dev20260920,"Windows, Linux, CUDA T4","torch 2.14.0+cpu 与 nightly 2.15.0.dev20260911+cpu，Windows x64；Linux 复核（Kaggle，`plan/kaggle_out/intublinux.log`、`intubgpu.log`）：Linux CPU 2.14.0 与 nightly 2.15.0.dev20260920 输出相同；**CUDA（T4，2.14.0+cu130）上同样被消掉**（`[0.1, 70000.0]` 原样返回）；`aot_eager` 与 eager 一致",yes: explicit half().float() round trip is elided by Inductor (70000 no longer becomes inf); reproduces on 2.14 and nightly,comment adding 2.14/nightly reproduction to closed #185337 (others' report; asked for reopen),RC48,Inductor elides explicit half().float() round trip,In,S,P-dtype,VALUE,A,Pending,pending,2026-09-25,host issue #185337 closed; comment under others' issue; human comments on host since 2026-09-21: 0,n/a (comment),
C22,2,0920/21,new issue,pytorch,https://github.com/pytorch/pytorch/issues/198071,TO_SUBMIT rows 41; `plan/reports_intub/floor_divide_python_example.py`（后半段 clamp 用例）、`plan/reports_intub/inductor_value_leads.py`；发现来源 `plan/scripts/int_ub_sweep.py`（`int_unary:clamp_wide`、`clamp_min_big`）,clamp(int8 -1000 1000) returns -24 everywhere: bounds wrapped into int8,2.14.0+cpu; 2.14.0+cu130; 2.15.0.dev20260911,"Windows, Linux, CUDA T4","torch 2.14.0+cpu：eager 与 `aot_eager` 抛 `RuntimeError: value cannot be converted to type int8_t without overflow`，Inductor 返回错值；nightly 2.15.0.dev20260911+cpu：eager 与 `aot_eager` **返回原张量**（边界视为""无约束""），Inductor 仍返回同样的错值。Windows x64；Linux 复核（Kaggle，`plan/kaggle_out/intublinux.log`、`intubgpu.log`）：Linux CPU 两个版本输出与下文逐字相同，CUDA（T4，2.14.0+cu130）上 Inductor 同样返回 `[-24, -24, -24, -24, -24]`",yes: eager and compiled differ on the same program and inputs (silent divergence),independent root cause,RC49,"ops.constant wraps an out-of-range Python scalar into the tensor dtype (clamp bounds, pad value)",In,S,P-edge,VALUE,A,Pending,pending,2026-09-25,"no human response in snapshot; re-check: 0 human comment(s), labels ['triaged', 'module: correctness (silent)', 'oncall: pt2', 'module: inductor', 'bot-triaged', 'release triage'], human labels ['triaged (frgossen)']",no,
C23,2,0920/22,comment,pytorch,https://github.com/pytorch/pytorch/issues/197554#issuecomment-5769650186,"TO_SUBMIT rows 50; `plan/reports_surgery/safety_mechanisms_lost.py`（10 行对照）、`deterministic_mode_parity.py`（确定性模式下 36 个""无确定性实现""的算子前向/反向 × CPU/CUDA 的报错对等性 + 7 种 `empty*` 的填充）；发现来源 `plan/scripts/model_surgery_diff.py`（10.4，76 例中 3 例）",three protections lost under Inductor (inference tensors deterministic fill etc.),2.14.0+cpu; 2.14.0+cu130; 2.15.0.dev20260911; 2.15.0.dev20260921,"Windows, Linux, CUDA T4",torch 2.14.0+cpu 与 nightly 2.15.0.dev20260911+cpu（Windows）；Linux 复核（Kaggle `tcc-safetylinux` / `tcc-safetygpu`，`plan/kaggle_out/safetylinux.log`、`safetygpu.log`）：Linux CPU 2.14.0 与 nightly 2.15.0.dev20260921 输出逐字相同；T4 CUDA（2.14.0+cu130）上前两项同样丢失，第三项在 CUDA 上只有整数 `empty` 不填充。三项都是 `aot_eager` 与 eager 一致、只有 Inductor 不同,yes (exception parity): three protections raise in eager and are silent under Inductor,"comment adding 3 members (inference-tensor check, deterministic put_, fill_uninitialized_memory) to umbrella #197554",RC50,"Inductor loses three eager protections (inference tensor in-place, deterministic put_, fill_uninitialized_memory) (bundle)",In,S,P-edge,EXC,A,Pending,pending,2026-09-25,host issue #197554 open; comment under others' issue; human comments on host since 2026-09-21: 2 -> eellison(2026-09-22); drisspg(2026-09-23),n/a (comment),
C24,2,0920/23,new issue,pytorch,https://github.com/pytorch/pytorch/issues/198072,TO_SUBMIT rows 55; `plan/reports_fx/codegen_param_shadows_inf_nan.py`（symbolic_trace 复现）、`codegen_name_shadowing.py`（16 个占位符名 × 手工构图；中间节点名不受影响）,torch.fx: forward parameters named nan / inf shadow float constants in generated code,2.14.0+cpu; 2.15.0.dev20260911; 2.15.0.dev20260921,"Windows, Linux",torch 2.14.0+cpu 与 nightly 2.15.0.dev20260911+cpu（Windows，Python 3.14）；纯 `torch.fx`，不需要 C++ 编译器；Linux 复核（Kaggle `tcc-fxlinux`，`plan/kaggle_out/fxlinux.log`）：Linux CPU 2.14.0 与 nightly 2.15.0.dev20260921 输出逐字相同,yes (torch.fx contract): generated forward disagrees with Interpreter/eager when a parameter is named nan/inf,independent root cause,RC51,FX codegen parameter named nan/inf shadows the float constant,Fx,S,P-corpus,VALUE,B,Pending,pending,2026-09-25,"no human response in snapshot; re-check: 0 human comment(s), labels ['triage review', 'module: correctness (silent)', 'module: fx', 'bot-triaged', 'release triage'], human labels []",no,
C25,2,0920/24,comment,pytorch,https://github.com/pytorch/pytorch/issues/174386#issuecomment-5769669193,TO_SUBMIT rows 56; `plan/reports_surgery/issue_174386_recheck.py`（原复现 + 5 个变体）、`deterministic_mode_parity.py`（7 种 `empty*` × CPU/CUDA）；发现来源 `plan/scripts/model_surgery_diff.py`（10.4，用例 `deterministic_mode_empty_is_filled`）,deterministic mode: empty* not filled with NaN / max on Inductor CPU,2.14.0+cpu; 2.14.0+cu130; 2.15.0.dev20260911; 2.15.0.dev20260921,"Windows, Linux, CUDA T4",torch 2.14.0+cpu 与 nightly 2.15.0.dev20260911+cpu（Windows）；Linux CPU 2.14.0 与 nightly 2.15.0.dev20260921 同样不填充；Tesla T4 CUDA（2.14.0+cu130）：浮点 `empty*` 已填充，**整数 dtype 仍不填充**（Kaggle `tcc-safetylinux` / `tcc-safetygpu`，`plan/kaggle_out/safetylinux.log`、`safetygpu.log`）。`aot_eager` 与 eager 一致,yes: documented deterministic fill is applied by eager and not by Inductor CPU (reproduces on 2.14 and nightly after the fix),comment adding 2.14/nightly reproduction to closed #174386 (others' report; asked for reopen),RC52,Inductor CPU ignores deterministic fill of empty*,In,S,Q-context,VALUE,A,Pending,pending,2026-09-25,host issue #174386 closed; comment under others' issue; human comments on host since 2026-09-21: 0,n/a (comment),
C26,2,0920/25,comment,pytorch,https://github.com/pytorch/pytorch/issues/197889#issuecomment-5769751990,TO_SUBMIT rows 57; `plan/reports_scalar_seq/specialized_value_census_v2.py`（11.2 普查 v2：56 个程序——形状/下标类 18、按值分支的分解类 18、SymBool 类 7、int 实参类 13；nightly 上 7 个静默错、5 个编译失败）；日志 `plan/results/scalar_seq/census_v2_nightly.log`,second entry point of the same root cause: float-derived integer arguments baked in,2.14.0+cpu; 2.15.0.dev20260911,Windows,torch 2.14.0+cpu 与 nightly 2.15.0.dev20260911+cpu（Windows）；关掉 FX 图缓存或 AOTAutograd 缓存任一个即正确（与 #197889 相同）,yes: same mechanism as C3 for float-derived int arguments,comment adding members (float-derived int arguments) to own #197889 (RC30),RC30,cached graph keeps a stale specialised Python scalar (float or float-derived int),Dy,S,Q-seq,VALUE,A,Pending,pending,2026-09-25,host issue #197889 open; comment under own issue; human comments on host since 2026-09-21: 0,n/a (comment),
C27,2,0920/26,new issue,pytorch,https://github.com/pytorch/pytorch/issues/198077,"TO_SUBMIT rows 58; `plan/reports_fx/pickle_roundtrip_changes_semantics.py`（4 个图 × original / deepcopy / pickle / torch.save）、`dynamo_graph_pickle.py`（Dynamo 捕获的 `buf += g` 图，pickle 后缓冲区不再被更新）；发现来源 `plan/scripts/fx_codegen_vs_interpreter.py`（11.1：10,518 张手工构造的 FX 图，比较 Interpreter、`forward`、deepcopy、pickle 四种执行；pickle 这一档 103 张图不同）",GraphModule pickle / torch.save round trip turns in-place operator nodes into out-of-place ones,2.14.0+cpu; 2.15.0.dev20260911; 2.15.0.dev20260921,"Windows, Linux",torch 2.14.0+cpu 与 nightly 2.15.0.dev20260911+cpu（Windows，Python 3.14）；纯 `torch.fx`，不需要 C++ 编译器；Linux 复核（Kaggle `tcc-fxpicklelinux`，2026-09-22）：2.14.0+cpu 与 nightly 2.15.0.dev20260921+cpu 上两段代码的输出与下文逐字相同（`plan/kaggle_out/fxpicklelinux/log.txt`）,yes (torch.fx contract): pickled/torch.saved GraphModule computes something else than the original,independent root cause,RC53,GraphModule pickle round trip retraces in-place operators as out-of-place,Fx,S,Q-artifact,STATE,B,Pending,pending,2026-09-25,"no human response in snapshot; re-check: 0 human comment(s), labels ['triage review', 'module: pickle', 'module: serialization', 'module: correctness (silent)', 'module: fx', 'bot-triaged', 'release triage'], human labels []",no,
C28,2,0920/27,comment,pytorch,https://github.com/pytorch/pytorch/issues/183607#issuecomment-5769757314,TO_SUBMIT rows 60; `plan/reports_pairs/half_intermediates_cpu.py`（生成的 C++ 内核：`convert<float>` → 整条链 → `convert<at::Half>` 只在 store 时；`isinf` 读的是 float 中间量 `tmp2`）,float16 fused chains: intermediates not rounded to float16; isinf(y) False while y is inf,2.14.0+cpu; 2.14.0+cu130; 2.15.0.dev20260911; 2.15.0.dev20260921,"Windows, Linux, CUDA T4",Windows：torch 2.14.0+cpu 与 nightly 2.15.0.dev20260911+cpu；Linux CPU：2.14.0 与 nightly 2.15.0.dev20260921；Tesla T4：2.14.0+cu130 与 nightly 2.15.0.dev20260921+cu130（Kaggle `tcc-halflinux`、`tcc-halfgpu`，`plan/kaggle_out/half*/log.txt`）——六种组合逐字相同,yes: fp16 intermediates computed in float32 give inf with isinf False in the same call,comment adding members (fp16 input without explicit cast; isinf inconsistency) to existing #183607 (others' report),RC54,Inductor CPU keeps fp16 fused-chain intermediates in float32,In,S,P-dtype,VALUE,A,Pending,pending,2026-09-25,host issue #183607 open; comment under others' issue; human comments on host since 2026-09-21: 0,n/a (comment),
C29,2,0920/28,new issue,pytorch,https://github.com/pytorch/pytorch/issues/198081,TO_SUBMIT rows 65; `plan/reports_pairs/cuda_scan_and_any_u8.py`（后半段）；发现来源 `plan/scripts/opinfo_edge_sweep.py`（11.4：OpInfo 全算子 × 边界值 × int8/uint8/int16/bool，Linux，1455 对里唯一的 dtype 差异）,torch.any(uint8) returns bool instead of uint8 under Inductor,2.14.0+cpu; 2.14.0+cu130; 2.15.0.dev20260911; 2.15.0.dev20260921,"Windows, Linux, CUDA T4",torch 2.14.0+cpu 与 nightly 2.15.0.dev20260911+cpu（Windows）；Linux CPU 2.14.0（Kaggle `tcc-edgeint`，发现来源）；Tesla T4 CUDA 2.14.0+cu130 与 nightly 2.15.0.dev20260921+cu130 同样返回 bool（Kaggle `tcc-scangpu`，`plan/kaggle_out/scangpu/log.txt`）,yes: eager and compiled differ on the same program and inputs (silent divergence),independent root cause,RC55,lowering of any() returns bool for uint8,In,S,P-dtype,DTYPE,A,已确认,pending,2026-09-25,"CHANGED since 09-23: vikrambal located the root cause (reduce_any lowering bypasses _refs.any dtype handling, 09-22); no PR yet | re-check: 1 human comment(s), PRs [], human labels ['triaged (frgossen)']",no,"human comment(s) present but no verdict in snapshot: vikrambal(NONE,2026-09-22): 'Hello, I would love to work on this. I confirmed the root cause by taking a look at the code:\n_refs.any already preserve'"
C30,2,0920/29,comment,pytorch,https://github.com/pytorch/pytorch/issues/197554#issuecomment-5770289099,TO_SUBMIT rows 68; `plan/reports_pairs/dtype_not_implemented_lost.py`；发现来源 `plan/reports_pairs/lowering_vs_decomp_special_cases.py`（12.1：有专门 lowering 且分解含 dtype 特判的算子 × 触发特判的输入，106 例）,'dtype not implemented in eager' family: round(int8 decimals) glu(int8) adaptive pools ...,2.14.0+cpu; 2.15.0.dev20260911,Windows,torch 2.14.0+cpu 与 nightly 2.15.0.dev20260911+cpu（Windows）；`aot_eager` 在每一行都与 eager 一致,yes (exception parity): same class as C37,comment adding members (dtype-not-implemented family) to maintainers' umbrella #197554; same mechanism as C37 (RC56),RC56,decompositions compute on dtypes whose eager kernels raise NotImplementedError (134 ops),In,S,P-dtype,EXC,A,Pending,pending,2026-09-25,host issue #197554 open; comment under others' issue; human comments on host since 2026-09-21: 2 -> eellison(2026-09-22); drisspg(2026-09-23),n/a (comment),
C31,2,0920/30,comment,pytorch,https://github.com/pytorch/pytorch/issues/198071#issuecomment-5770296071,TO_SUBMIT rows 69; `plan/reports_pairs/dtype_not_implemented_lost.py`（最后三例）；发现来源 `plan/reports_pairs/lowering_vs_decomp_special_cases.py`（12.1）,F.pad fill value wraps into the integer dtype,2.14.0+cpu; 2.15.0.dev20260911,Windows,torch 2.14.0+cpu 与 nightly 2.15.0.dev20260911+cpu（Windows）；`aot_eager` 与 eager 一致,yes: eager and compiled differ on the same program and inputs (silent divergence),comment adding members (F.pad fill value) to own #198071 (RC49),RC49,"ops.constant wraps an out-of-range Python scalar into the tensor dtype (clamp bounds, pad value)",In,S,P-edge,VALUE,A,Pending,pending,2026-09-25,host issue #198071 open; comment under own issue; human comments on host since 2026-09-21: 0,n/a (comment),
C32,2,0920/31,new issue,pytorch,https://github.com/pytorch/pytorch/issues/198118,TO_SUBMIT rows 71; `plan/reports_pairs/conj_lost_under_dispatch_mode.py`（主复现）、`python_key_conj_composites.py`（51 个复数 linalg 组合内核，只有 pinv/pinverse/polar 出错）、`$TEMP/linalg_scan.py` 逻辑已并入（全 `torch.linalg` 命名空间扫描：pinv、polar、matrix_sqrth）；发现来源 `scripts/opinfo_edge_sweep.py` int64/float64/complex64 组（Linux，`linalg.polar complex64` 一行）→ 逐层定位到 `_AnalyzeCustomOpInputOutputMode` → 任意 TorchDispatchMode → 排除 Conjugate 分发键可复现,complex pinv / polar / matrix_sqrth wrong under any TorchDispatchMode (conj views not materialised),2.14.0+cpu; 2.14.0+cu130; 2.15.0.dev20260911,"Windows, Linux, CUDA T4",torch 2.14.0+cpu 与 nightly 2.15.0.dev20260911+cpu（Windows）；complex64 与 complex128 都错，float32 正确；Linux CPU 2.14.0 与 nightly dev20260921 同 Windows；Tesla T4 CUDA（2.14.0+cu130 与 nightly）：`polar` 同样错（|mode − eager| 2.07 / 1.78），`pinv` 在 CUDA 上正确（cuSOLVER 路径不走同一内部公式）——Kaggle `tcc-conjgpu`，`plan/kaggle_out/conjgpu/log.txt`,yes: any TorchDispatchMode (including the forwarding mode torch.compile uses at runtime) changes eager values,independent root cause (RC01; supersedes B1's attribution),RC01,complex conj view not materialised inside composite linalg kernels under any TorchDispatchMode (pinv/polar/matrix_sqrth/lstsq),DM,S,Q-context,VALUE,B,Pending,pending,2026-09-25,"no human response in snapshot; re-check: 0 human comment(s), labels ['triage review', 'module: complex', 'module: linear algebra', 'module: correctness (silent)', 'module: __torch_dispatch__', 'module: python dispatcher', 'bot-triaged', 'release triage'], human labels []",no,
C33,2,0920/32,comment,pytorch,https://github.com/pytorch/pytorch/issues/197084#issuecomment-5770677350,TO_SUBMIT row: none; `plan/reports_pairs/conj_lost_under_dispatch_mode.py`；梯度部分见本稿代码块,correction: the wrong gradient of B1 comes from the forward under the dispatch mode,2.14.0+cpu; 2.15.0.dev20260911,Windows (header names no platform; local run),torch 2.14.0+cpu 与 nightly 2.15.0.dev20260911+cpu：转发 mode 下的 eager 梯度与 compile 梯度逐位相同（差 0.0），与 float64 参照差 17.4（原 issue 的 1.7e+01）；只让前向在 mode 下跑、反向在外面跑，梯度同样错,"yes: same divergence as B1, corrected attribution",comment adding the corrected root cause to own #197084 (RC01),RC01,complex conj view not materialised inside composite linalg kernels under any TorchDispatchMode (pinv/polar/matrix_sqrth/lstsq),DM,S,Q-context,GRAD,B,Pending,pending,2026-09-25,host issue #197084 open; comment under own issue; human comments on host since 2026-09-21: 0,n/a (comment),
C34,2,0920/33,new issue,pytorch,https://github.com/pytorch/pytorch/issues/198119,TO_SUBMIT rows 72; `plan/reports_pairs/avg_pool_ceil_mode_backward.py`；发现来源 `plan/scripts/opinfo_edge_sweep.py --grad`（12.2：OpInfo 全算子 × 边界值 × 反向，float32，454 对；`nn.functional.avg_pool1d` 样本 2）,avg_pool backward with ceil_mode uses the full kernel size as divisor for the last window,2.14.0+cpu; 2.14.0+cu130; 2.15.0.dev20260911,"Windows, Linux, CUDA T4",torch 2.14.0+cpu 与 nightly 2.15.0.dev20260911+cpu（Windows）；1-D / 2-D 都错（3-D 走 fallback，正确）；`aot_eager` 与 eager 一致；Tesla T4 CUDA（2.14.0+cu130 与 nightly dev20260921）逐字相同（Kaggle `tcc-avgpoolgpu`，`plan/kaggle_out/avgpoolgpu/log.txt`）；Linux CPU 同,yes: eager and compiled differ on the same program and inputs (silent divergence),independent root cause,RC57,avg_pool backward ceil_mode divisor,In,S,P-edge,GRAD,A,Pending,pending,2026-09-25,"no human response in snapshot; re-check: 0 human comment(s), labels ['triaged', 'module: correctness (silent)', 'module: pooling', 'oncall: pt2', 'module: inductor', 'bot-triaged', 'release triage'], human labels ['triaged (frgossen)']",no,
C35,2,0920/34,new issue,pytorch,https://github.com/pytorch/pytorch/issues/198133,TO_SUBMIT rows 75; `plan/reports_pairs/vector_acosh_erfinv.py`（mpmath 30 位参照）；发现来源 `plan/reports_pairs/large_arg_special_functions.py`（11.4 延伸：特殊函数 × 大参数/近奇点 × 向量/标量路径）,erfinv loses accuracy near +-1 on Inductor CPU,2.14.0+cpu; 2.14.0+cu130; 2.15.0.dev20260911,"Windows, Linux, CUDA T4",torch 2.14.0+cpu 与 nightly 2.15.0.dev20260911+cpu（Windows）；标量尾部与向量主体（n=3 与 n=64）同样错；Linux gcc（Kaggle `tcc-sleeflinux`）：同样错但幅度小（f32 7.8e-6、f64 6.2e-5）；Tesla T4（Kaggle `tcc-erfinvgpu`，2.14.0+cu130 与 nightly）：CUDA 编译结果与参照一致——CPU 后端专属,yes: relative error 7.5e-3 (MSVC) / 7.8e-6 (gcc) vs eager exact to a 30-digit reference; beyond the float32 tolerance,independent root cause,RC58,ATen calc_erfinv cancellation near +-1 (CPU),In,S,P-edge,PRECISION,A,Pending,pending,2026-09-25,"no human response in snapshot; re-check: 0 human comment(s), labels ['module: cpu', 'triaged', 'module: correctness (silent)', 'oncall: pt2', 'module: inductor', 'bot-triaged', 'release triage'], human labels ['triaged (frgossen)']",no,
C36,2,0920/35,new issue,pytorch,https://github.com/pytorch/pytorch/issues/198134,TO_SUBMIT rows 76; `plan/reports_pairs/vector_acosh_erfinv.py`；发现来源 `scripts/opinfo_edge_sweep.py` int64/float64/complex64 组（Linux）`acosh float64` 一行 + `reports_pairs/large_arg_special_functions.py`,vectorized float64 acosh overflows for x > 1.34e154,2.14.0+cpu; 2.15.0.dev20260911,"Windows, Linux, CUDA T4",torch 2.14.0+cpu 与 nightly 2.15.0.dev20260911+cpu（Windows，AVX2）；Linux gcc 上 11.4 扫描同样命中；阈值 √DBL_MAX ≈ 1.34e154（1.34e154 有限，1.35e154 起 inf）；n ≥ 8 走向量路径出错，n = 3 标量尾部正确；float32 正确（SLEEF float 路径已在 #184359 一类里处理）；Tesla T4 CUDA 正确（Kaggle `tcc-erfinvgpu`）——CPU 向量后端专属,yes: compiled float64 acosh returns inf where eager is finite,independent root cause,RC59,Vectorized<double>::acosh overflow (SLEEF),In,S,P-edge,VALUE,A,Pending,pending,2026-09-25,"no human response in snapshot; re-check: 0 human comment(s), labels ['module: cpu', 'triaged', 'module: sleef', 'module: correctness (silent)', 'oncall: pt2', 'module: inductor', 'bot-triaged', 'release triage'], human labels ['triaged (frgossen)']",no,
C37,2,0920/36,new issue,pytorch,https://github.com/pytorch/pytorch/issues/198155,TO_SUBMIT rows 77; `plan/kaggle_out/edgeunsup/cases.jsonl`、`plan/results/pairs/unsupported_family_list.md`（分组清单）、`plan/reports_pairs/unsupported_dtype_family.py`（41 个代表用例，本机复核）,134 operators run under compile on dtypes their eager kernels reject (418 pairs),2.14.0; 2.15.0.dev20260911,"Windows, Linux","全量清单来自 Linux CPU（Kaggle `tcc-edgeunsup`，torch 2.14.0，`scripts/opinfo_edge_sweep.py --unsupported`：OpInfo 全算子 × 各自不支持的 dtype，1,345 对）；Windows 上 41 个代表用例在 2.14.0 与 nightly 2.15.0.dev20260911 复核，33 个静默（其余 8 个响亮报错）","yes (exception parity): eager raises NotImplementedError, compiled returns values no eager kernel defines; class tracked by maintainers in #197554",independent root cause (RC56); exhaustive list of the family C30 sketched,RC56,decompositions compute on dtypes whose eager kernels raise NotImplementedError (134 ops),In,S,P-dtype,EXC,A,已确认,pending,2026-09-25,"AMBIGUOUS: maintainer eellison (09-22) questions restricting compile for an eager limitation; draft PR #198316 (no 'Fixes' keyword) covers 6 bitwise ops (09-23). Counted 已确认 (maintainer engaged); by the letter of rule 1 a fix PR exists -> could be 已修复; by eellison's view part of it could be 拒绝 | re-check: 3 human comment(s), PRs [(198316, 'open', False)], human labels ['triaged (frgossen)']",no (open PR referencing it: #198316),"human comment(s) present but no verdict in snapshot: eellison(CONTRIBUTOR,2026-09-22): ""IMO, there's no particular reason to restrict torch.compile here because of an eager limitation, if the operator is well""; shyamsharmas124-commits(NONE,2026-09-23): 'Opened a draft PR covering 6 of the operators here: bitwise_not, bitwise_and, bitwise_or, bitwise_xor, and their reflect'; shyamsharmas124-commits(NONE,2026-09-23): ""@eellison that's a fair challenge, and it applies directly to #198316 -- want to ask before doing anything else with it."""
C38,2,0920/37,comment,pytorch,https://github.com/pytorch/pytorch/issues/198155#issuecomment-5773214257,TO_SUBMIT rows 81; `plan/kaggle_out/edgeunsupgpu/cases.jsonl`,the same family on CUDA: 383 silent pairs of which 73 CUDA-specific,2.14.0+cu130,"Linux, CUDA T4","Tesla T4，torch 2.14.0+cu130（Kaggle `tcc-edgeunsupgpu`，`--unsupported --device cuda`，1,303 对）",yes (exception parity): same class as C37 on CUDA,comment adding CUDA members to own #198155 (RC56),RC56,decompositions compute on dtypes whose eager kernels raise NotImplementedError (134 ops),In,S,P-dtype,EXC,A,Pending,pending,2026-09-25,host issue #198155 open; comment under own issue; human comments on host since 2026-09-21: 3 -> eellison(2026-09-22); shyamsharmas124-commits(2026-09-23); shyamsharmas124-commits(2026-09-23),n/a (comment),
C39,2,0920/38,comment,pytorch,https://github.com/pytorch/pytorch/issues/198118#issuecomment-5773243640,"TO_SUBMIT rows 82; `plan/scripts/dispatch_mode_grad_sweep.py`（955 个可求导 (算子, dtype) 对：只有 pinv/pinverse、matrix_sqrth、lstsq 的复数梯度在 mode 下变）、`plan/reports_pairs/lstsq_complex_grad_under_mode.py`",the dispatch-mode mechanism also breaks linalg.lstsq backward; FlopCounterMode triggers it,2.14.0+cpu; 2.15.0.dev20260911,Windows,torch 2.14.0+cpu 与 nightly 2.15.0.dev20260911+cpu（Windows）,yes: gradient under a dispatch mode differs from plain eager (lstsq); FlopCounterMode alone triggers it,"comment adding members (lstsq backward, FlopCounterMode) to own #198118 (RC01)",RC01,complex conj view not materialised inside composite linalg kernels under any TorchDispatchMode (pinv/polar/matrix_sqrth/lstsq),DM,S,Q-context,GRAD,B,Pending,pending,2026-09-25,host issue #198118 open; comment under own issue; human comments on host since 2026-09-21: 0,n/a (comment),
C40,2,0920/39,new issue,pytorch,https://github.com/pytorch/pytorch/issues/198183,TO_SUBMIT rows 85; `plan/scripts/special_vs_mpmath.py`（8.3：44 个一元数学函数 × 近奇点/大参数 × n=64 × f32/f64 vs mpmath 30 位；命中 erf、atanh、erfinv、acosh）、`$TEMP/erfcurve.py` / `erf2.py` 逻辑并入稿内代码,vectorized float32 erf loses all relative accuracy near 0; vector atanh returns 0 below eps,2.14.0+cpu; 2.15.0.dev20260911; 2.15.0.dev20260922,"Windows, Linux",torch 2.14.0+cpu 与 nightly 2.15.0.dev20260911+cpu（Windows，eager capability AVX512）；n=3（标量尾部）正确、n ≥ 8（向量主体）错；float64 `erf` 正确（float64 向量 erf 走别的实现）；Linux（Kaggle `tcc-erflinux`，2.14.0+cpu 与 nightly 2.15.0.dev20260922+cpu，capability AVX2）同错：n=64 曲线逐点一致（1e-7→0，1e-5 相对误差 1.7e-2），且 n=3 也错（gcc 下尾循环用带掩码的向量，没有标量尾部）,yes: compiled float32 erf returns 0 for |x|<=1e-7 and 1.7e-2 relative error at 1e-5; eager exact,independent root cause,RC60,Vectorized<float>::erf polynomial loses relative accuracy near 0 (and atanh),In,S,P-edge,PRECISION,A,Pending,pending,2026-09-25,"no human response in snapshot; re-check: 0 human comment(s), labels ['oncall: pt2', 'oncall: cpu inductor', 'bot-triaged'], human labels []",no,
C41,2,0920/40,new issue,pytorch,https://github.com/pytorch/pytorch/issues/198189,"TO_SUBMIT rows 89; `plan/scripts/graph_break_insertion_diff.py`（7.6：语料 185 程序逐语句插 graph break；`collections_types` 在 `od['a']=…` 与 `move_to_end` 前后各插一个 break 时键序变 `['z','a']`）；`$TEMP/od_input.py`、`od_variants.py`、`od_bisect.py`（最小化：不需要 graph break，字典是入参或对象属性即可）",OrderedDict.move_to_end on an input dict is silently dropped,2.14.0+cpu; 2.15.0.dev20260911; 2.15.0.dev20260922,"Windows, Linux","torch 2.14.0+cpu 与 nightly 2.15.0.dev20260911+cpu（Windows，Python 3.14）；`backend=""eager""`，与后端无关，纯 Dynamo；**Linux x86-64 / Python 3.12 已复核**（Kaggle `tcc-dynsemlinux`，torch 2.14.0 与 nightly 2.15.0.dev20260922：`graph_break_insertion_diff.py` 的 `collections_types` 分歧与 Windows 逐条相同）",yes (state): move_to_end on an input dict silently dropped,independent root cause,RC61,Dynamo OrderedDict.move_to_end not replayed,Dy,S,Q-gbreak,STATE,A,已修复,pending,2026-09-25,"CHANGED since 09-23: fix PR #198518 '[dynamo] Fix silent dropped mutation for OrderedDict.move_to_end' (Fixes) opened; vikrambal root cause 09-22 | re-check: 1 human comment(s), PRs [(198518, 'open', True)], human labels ['low priority (frgossen)', 'triaged (frgossen)']",no (open fix PR #198518),"human comment(s) present but no verdict in snapshot: vikrambal(NONE,2026-09-22): 'Hello, this seems interesting to claim. Can I take it on? Here is my assessment of the root cause - \n\n- OrderedDictVaria'"
C42,2,0920/41,new issue,pytorch,https://github.com/pytorch/pytorch/issues/198190,TO_SUBMIT rows 90; `plan/scripts/reconstruct_diff.py`（12.6：79 种返回对象的重建差分——enumerate / reversed / islice / tee / 部分消费的 list_iterator / 生成器表达式 / `Module.children()` 同样变 tuple_iterator，其余 partial / namedtuple / 异常链 / defaultdict / deque / ChainMap / 切片 / 大整数 / dict 视图等全部一致）、`$TEMP/gen_kinds.py`（触发条件）；`plan/scripts/graph_break_insertion_diff.py`（7.6：语料逐语句插 graph break，`gen_send` / `gen_throw` 新增 AttributeError、`gen_retu,a generator that escapes the compiled region comes back as an exhausted tuple_iterator,2.14.0+cpu; 2.15.0.dev20260911; 2.15.0.dev20260922,"Windows, Linux","torch 2.14.0+cpu 与 nightly 2.15.0.dev20260911+cpu（Windows，Python 3.14）；`backend=""eager""`；`torch._dynamo.config.enable_faithful_generator_behavior` 真/假都一样；**Linux x86-64 / Python 3.12 已复核**（Kaggle `tcc-dynsemlinux`，torch 2.14.0 与 nightly 2.15.0.dev20260922：`graph_break_insertion_diff.py` 的 `gen_send` / `gen_throw` / `gen_return_value_stopiteration` 分歧与 Windows 逐条相同）",yes (type/alias): generator returned from a compiled region comes back as an exhausted tuple_iterator,independent root cause,RC62,escaped generator reconstructed as an exhausted tuple_iterator,Dy,S,Q-gbreak,ALIAS,A,已确认,pending,2026-09-25,"CHANGED since 09-23 (judgement call): JEWEL169 analysed LocalGeneratorObjectVariable reconstruction and argues it is a bug (09-22); no maintainer comment, no PR | re-check: 1 human comment(s), PRs [], human labels ['triaged (frgossen)']",no,"human comment(s) present but no verdict in snapshot: JEWEL169(NONE,2026-09-22): ""I'd like to pick this up if nobody on the pt2 side is already on it.\n\nOne more data point in favour of treating this as """
C43,2,0920/41b,comment,pytorch,https://github.com/pytorch/pytorch/issues/198190#issuecomment-5776320367,TO_SUBMIT row: none; `plan/scripts/reconstruct_diff.py`（79 种返回对象的重建差分，`results/reconstruct/cases.jsonl`）、`$TEMP/gen_kinds.py`（触发条件）；台账 90,trigger condition (tensor work in the body) and the iterator family,2.14.0+cpu; 2.15.0.dev20260911,Windows,"torch 2.14.0+cpu 与 nightly 2.15.0.dev20260911+cpu（Windows，Python 3.14）；`backend=""eager""`",yes: same divergence as C42 (trigger condition),comment adding trigger condition / iterator family to own #198190 (RC62),RC62,escaped generator reconstructed as an exhausted tuple_iterator,Dy,S,Q-gbreak,ALIAS,A,Pending,pending,2026-09-25,host issue #198190 open; comment under own issue; human comments on host since 2026-09-21: 1 -> JEWEL169(2026-09-22),n/a (comment),
C44,2,0920/42,new issue,pytorch,https://github.com/pytorch/pytorch/issues/198192,TO_SUBMIT rows 94; `tcc/dynamo_semantics_batch4.py::try_error_in_except_handler`（语料第 4 批基线分歧，台账 94）；`$TEMP/nested_try.py`、`nested_try2.py`、`exc_types.py`（25 种算子错误：IndexError 族 12/12 逃出，RuntimeError 族 10/11 被捕获——唯一例外 `gather` 越界是运行期数据依赖错误，另当别论；TypeError 族变 `Unsupported`）,IndexError raised by a tensor op skips the user's except handler,2.14.0+cpu; 2.15.0.dev20260911,Windows,"torch 2.14.0+cpu 与 nightly 2.15.0.dev20260911+cpu（Windows，Python 3.14）；`backend=""eager""`，纯 Dynamo；`fullgraph` 真假都一样（假时也不回退到 eager）","yes (exception): IndexError skips the user's handler under compile, caught in eager",independent root cause,RC63,IndexError from a tensor op skips the user's except handler,Dy,S,P-corpus,EXC,A,Pending,pending,2026-09-25,"no human response in snapshot; re-check: 0 human comment(s), labels ['triaged', 'oncall: pt2', 'module: dynamo', 'bot-triaged', 'release triage'], human labels []",no,
C45,2,0920/42b,comment,pytorch,https://github.com/pytorch/pytorch/issues/198192#issuecomment-5778031868,TO_SUBMIT rows 100; `tcc/dynamo_semantics_batch5.py`（33 个异常语义程序，`results/dynsem5/`：22 个程序 44 处分歧全是这一族；TypeError / ZeroDivisionError / assert / `torch._check` / `except*` / warnings 各程序与 eager 一致）；台账 100,every handler shape is skipped (except Exception suppress __exit__ ...); NotImplementedError too,2.14.0+cpu; 2.15.0.dev20260921,Windows,"torch 2.14.0+cpu 与 nightly 2.15.0.dev20260921+cpu（Windows，Python 3.14）；`backend=""eager""`",yes (exception): same class as C44 for every handler shape,comment adding handler shapes to own #198192 (RC63),RC63,IndexError from a tensor op skips the user's except handler,Dy,S,P-corpus,EXC,A,Pending,pending,2026-09-25,host issue #198192 open; comment under own issue; human comments on host since 2026-09-21: 0,n/a (comment),
C46,2,0920/43,new issue,pytorch,https://github.com/pytorch/pytorch/issues/198205,TO_SUBMIT rows 99; 7.7 扫描 `scripts/export_roundtrip_edge.py` 在 `slice_scatter` 处进程 segfault（退出码 139）→ 最小化 `$TEMP/ss_min.py` / `ss_var.py` / `ss_size.py` / `ss_omp.py`：与算子无关，只与输出元素数 ≥ 4096（Inductor `cpp.min_chunk_size`，即循环被 `#pragma omp parallel` 化的阈值）有关；`cfg.cpp.threads = 1`、`cfg.cpp.min_chunk_size = 1e9`、`OMP_NUM_THREADS=1`、销毁前 `time.sleep(2)` 四种办法都不崩；`-X faulthandler` 显示多个线程同时 access violation,destroying an AOTI runner right after a run crashes the process on Windows (OpenMP workers still spinning),2.14.0+cpu; 2.15.0.dev20260911,"Windows, Linux",torch 2.14.0+cpu 与 nightly 2.15.0.dev20260911+cpu（Windows 11，MSVC 19.44，Python 3.14，8 核）；Linux（Kaggle `tcc-aotifreelinux2`，2.14 + nightly 0922）：9 种组合全部正常退出——**Windows 独有**,yes (artifact path): eager fine; AOTI runner destruction crashes the process on Windows,independent root cause,RC64,AOTI runner destroyed while OpenMP workers spin (Windows),Ex,C,Q-artifact,CRASH,A,Pending,pending,2026-09-25,"no human response in snapshot; re-check: 0 human comment(s), labels ['module: crash', 'module: windows', 'triaged', 'module: openmp', 'oncall: pt2', 'oncall: export', 'module: aotinductor', 'bot-triaged', 'release triage'], human labels ['triaged (frgossen)']",no,
